date,open,close,high,low,volume,amount,log_return,amplitude_pct,volatility_5d,volatility_20d,bias_ratio_20d,guba_avg_sentiment,guba_post_volume,guba_pos_ratio,news_avg_sentiment,news_post_volume,news_pos_ratio
2025/1/2,3347.94,3262.56,3351.72,3242.09,561375199,6.03341E+11,-0.026973418,3.2708189130486565,20.935954180645584,15.80751201151352,-3.631568329,-0.133190981,11468,0.42945587722357864,0,0,0
2025/1/3,3267.08,3211.43,3273.57,3205.78,517592014,5.2316E+11,-0.015795842,2.077816193418664,19.66724713386315,16.54900662896421,-4.920764837,-0.199293363,12088,0.3954334877564527,0,0,0
2025/1/6,3209.78,3206.92,3219.49,3185.46,430978403,4.44188E+11,-0.001405346,1.059652553535333,18.938545440047452,15.854570408902193,-4.776369579,-0.177242721,7691,0.40826940579898585,0,0,0
2025/1/7,3203.31,3229.64,3230.85,3190.46,409660529,4.36388E+11,0.007059701,1.259463909296143,21.38018968594836,16.23337876302347,-3.854953049,-0.12357658,5953,0.4369225600537544,0,0,0
2025/1/8,3218.86,3230.17,3246.29,3175.72,472864390,5.08148E+11,0.000164092,2.1850732589390818,21.82156932237094,15.960159932640048,-3.562866015,-0.124778979,8339,0.4345844825518647,0,0,0
2025/1/9,3220.72,3211.39,3228.97,3205.91,382943557,4.34446E+11,-0.005830902,0.7138943151598816,13.408296268809996,15.841880913512874,-3.806058704,-0.130348044,3815,0.43224115334207075,0,0,0
2025/1/10,3211.71,3168.52,3220.11,3168.52,403663348,4.65939E+11,-0.013439263,1.6064694727205402,12.044368225232953,15.590321715626212,-4.671890299,-0.190331709,7200,0.40041666666666664,0.9002442955970764,1,1
2025/1/13,3148.83,3160.76,3172.7,3140.98,372742023,4.11774E+11,-0.002452097,1.0010983045712132,11.996842945993215,14.420234427755926,-4.573584983,-0.135207168,5538,0.42993860599494405,0,0,0
2025/1/14,3165.16,3240.94,3245.22,3159.43,469212704,5.38984E+11,0.025050906,2.7142206304812753,23.08309815,17.63738121260683,-1.937652251,0.055585484084424985,5290,0.5321361058601134,0.95,1,1
2025/1/15,3234.72,3227.12,3245.9,3222.24,404723199,4.66216E+11,-0.004273313,0.7300351132696165,23.36111448345295,17.551199131897384,-2.15690968,-0.008991265,4473,0.49899396378269617,0,0,0
2025/1/16,3239.03,3236.03,3265.28,3217.1,430655539,4.99055E+11,0.002757171,1.4929720617764537,22.844312356958156,17.382042091329282,-1.668863853,-0.101203196,4280,0.4488317757009346,0,0,0
2025/1/17,3226.76,3241.82,3256.51,3219.77,383599260,4.56553E+11,0.001787631,1.1353417613557424,18.74955765328728,17.42990393802675,-1.3006688,-0.054823273,2912,0.4732142857142857,0,0,0
2025/1/20,3256.15,3244.38,3268.26,3238.12,403337948,4.69741E+11,0.000789368,0.9297246608386748,18.11477121726869,17.450850888201007,-1.036388202,-0.069995766,3129,0.4637264301693832,0,0,0
2025/1/21,3256.83,3242.62,3258.61,3229.07,384583718,4.68263E+11,-0.000542624,0.910497537,4.341804593814262,17.41644539212138,-0.925915034,-0.09046685,4639,0.45333045915067904,0,0,0
2025/1/22,3235.49,3213.62,3235.5,3203.38,364817518,4.52313E+11,-0.008983617,0.9905570187070916,7.484028657665479,16.75480384779049,-1.541363185,-0.1312406,5429,0.4312027997789648,0,0,0
2025/1/23,3237.6,3230.16,3273.52,3229.57,458246803,5.39801E+11,0.005133644,1.3676165819231838,8.344072665818802,16.964296775664096,-0.78658824,-0.109650997,7280,0.44148351648351647,0,0,0
2025/1/24,3222.88,3252.63,3260.01,3221.71,398653033,4.80685E+11,0.006932228,1.185699779577488,9.844005126133313,17.243005161044472,0.1272280688576843,-0.043086925,4023,0.4812329107631121,0,0,0
2025/1/27,3256.61,3250.6,3274.39,3250.6,387467642,4.50232E+11,-0.000624305,0.7314081220427765,9.883904268010893,17.22208752307388,0.2955859575072023,-0.100233033,4958,0.44594594594594594,0.8190813064575195,1,1
2025/2/5,3270.16,3229.49,3271.02,3220.28,406388181,5.21103E+11,-0.006515365,1.5609425952131848,11.074181203796122,17.20460008898534,-0.081618055,-0.052145711,3873,0.47224373870384717,0,0,0
2025/2/6,3226.58,3270.66,3271.43,3225.85,460842730,5.90422E+11,0.012667569,1.4113683584714594,11.660173864837434,17.219078461042763,1.3192700412908875,0.1250700934899724,2013,0.5697963238946846,0,0,0
2025/2/7,3269.23,3303.67,3324.43,3262.51,600558451,7.57614E+11,0.010042172,1.893195868723732,12.57340590553862,14.707568685599464,2.2767360493553204,0.001463798,3934,0.5045754956786985,0.8176440596580505,1,1
2025/2/10,3308.04,3322.17,3325.36,3299.24,546589749,6.77038E+11,0.005584212,0.790635869,12.444919417777548,13.44520907931235,2.6734685646584917,0.13585934904596036,1867,0.5779325120514194,0,0,0
2025/2/11,3323.67,3318.06,3324.17,3304.44,511943541,6.32167E+11,-0.001237909,0.5938889340401008,12.602361075611226,13.440218533149926,2.3706333027121738,0.009582484,2352,0.5063775510204082,0,0,0
2025/2/12,3312.26,3346.39,3346.39,3310.39,513437828,6.47388E+11,0.008501878,1.0849713386738034,8.453720916979425,13.525923299446491,3.059074979,0.068619203,2541,0.5379771743408107,0,0,0
2025/2/13,3343.23,3332.48,3359.18,3332.48,568631161,7.058E+11,-0.004165381,0.7978747247033317,9.820037958065994,13.680756323689051,2.469254811125652,-0.001444277,3245,0.5041602465331279,0,0,0
2025/2/14,3328.48,3346.72,3349.08,3322.53,532332965,6.67555E+11,0.00426399,0.7967039562127822,8.210586210885703,13.424395185516936,2.693450819314974,-0.035059424,3149,0.48269291838678946,0.8847559094429016,1,1
2025/2/17,3355.42,3355.83,3357.12,3333.19,589546569,7.50113E+11,0.00271837,0.7150284457618157,7.793510247634766,12.11042476192927,2.6779150982580444,0.090975828,2150,0.5534883720930233,0,0,0
2025/2/18,3348.98,3324.49,3366.01,3314.3,562679240,6.96799E+11,-0.009382853,1.540900462776721,11.294681281175556,12.74764910546589,1.4648584737222057,-0.127854656,3978,0.434640523,0,0,0
2025/2/19,3320.78,3351.54,3352.09,3320.58,502912965,6.75146E+11,0.008103663,0.947814552,11.116573124524736,9.870511765752882,2.1180832315668647,-0.046838508,2673,0.4769921436588103,0,0,0
2025/2/20,3347.59,3350.78,3355.56,3338.03,504357114,6.70099E+11,-0.000226787,0.5230431383781707,10.449831317180346,9.648950991,1.902951973522358,0.019462734,2199,0.5188722146430196,0,0,0
2025/2/21,3356.69,3379.11,3381.06,3339.03,608190206,8.55657E+11,0.008419207,1.2543348115960984,11.597024634116794,9.922644016818468,2.5414211068225985,0.071210806,2889,0.5448251990308065,0,0,0
2025/2/24,3374.08,3373.03,3384.81,3355.87,598188203,8.02847E+11,-0.001800911,0.8564385296720158,11.843751942664198,10.021926221811077,2.1535490774084347,-0.02375896,2175,0.4910344827586207,0,0,0
2025/2/25,3345.65,3346.04,3369.56,3337.84,527578562,7.2751E+11,-0.008033893,0.9404007672626628,11.113315429003308,10.632201707334426,1.1803884754314655,-0.067857501,3021,0.4713670969877524,0,0,0
2025/2/26,3351.21,3380.21,3380.21,3351.21,553992031,7.47887E+11,0.010160281,0.866696154,11.970304872969695,11.025287878773696,2.0014581077672147,0.002114795,2374,0.5075821398483572,0,0,0
2025/2/27,3378.45,3388.06,3388.78,3353.57,575815020,7.7406E+11,0.002319648,1.0416512583537718,11.84747676449657,10.22200053212667,1.969959724385021,-0.0801695,3773,0.4614365226610125,0.8524686098098755,1,1
2025/2/28,3374.66,3320.9,3383.19,3318.72,568319504,7.58055E+11,-0.020021656,1.902858863184249,18.045285697747648,12.946081874684594,-0.187638463,-0.156647026,6359,0.41893379462179586,0,0,0
2025/3/3,3328.4,3316.93,3349.02,3304.59,502417862,6.43981E+11,-0.001196174,1.3378903309343804,18.08569844410126,12.80490834400264,-0.403199896,-0.093776056,3233,0.456232601,0,0,0
2025/3/4,3300.5,3324.21,3327.82,3297.53,429996111,5.68728E+11,0.002192396,0.913193827,17.87464424801865,12.797169952881228,-0.294792637,-0.025103979,2548,0.49293563579277866,0,0,0
2025/3/5,3324.7,3341.96,3342.71,3314.15,460952696,5.87768E+11,0.005325409,0.8591514976490638,16.168291198067006,12.54800224812926,0.068809359,-0.02286917,2581,0.4932196822936846,0,0,0
2025/3/6,3353.57,3381.1,3387.05,3348.68,539992709,7.36438E+11,0.011643639,1.1481286430717406,18.953136944028746,12.434175413255614,1.0736629136095268,0.1551613045916145,2430,0.5868312757201646,0,0,0
2025/3/7,3373.18,3372.55,3390.94,3363.93,517663551,6.87879E+11,-0.002531966,0.7988524444707409,9.013073234204883,12.106759815792367,0.7143821290391313,-0.021274803,3073,0.49332899446794665,0,0,0
2025/3/10,3373.26,3366.16,3375.8,3347.19,450380832,5.95026E+11,-0.001896506,0.8483195208373524,9.23373891,12.024601228072578,0.4575735396704105,-0.003870867,2234,0.5013428827215757,0,0,0
2025/3/11,3335.44,3379.83,3379.83,3334.83,448468323,5.92286E+11,0.004052784,1.3368348503933265,9.232463965,12.060579452124944,0.7726490466666357,0.007441746,3800,0.5089473684210526,0,0,0
2025/3/12,3385.69,3371.92,3392.41,3370.22,502195100,6.48502E+11,-0.002343097,0.6565418970776653,9.771738731397548,11.767413964749972,0.4985555970335521,0.035592844,3024,0.5221560846560847,0,0,0
2025/3/13,3371.09,3358.73,3377.12,3341.12,519013479,6.36212E+11,-0.003919389,1.067640987923794,4.923099353367556,11.755128954654806,0.066289191,-0.146198811,4700,0.425531915,0,0,0
2025/3/14,3361.69,3419.56,3421.23,3360.61,582663388,7.50042E+11,0.017948961,1.804848856561852,14.302798542304076,13.260271755227066,1.7681666903263462,0.068084883,4680,0.5373931623931624,0.8567256927490234,1,1
2025/3/17,3430.81,3426.13,3436.35,3422.46,515685138,6.3935E+11,0.001919456,0.4061926095754972,13.76513564491915,13.250180796481809,1.8571426023185396,0.032146187,2140,0.5205607476635514,0,0,0
2025/3/18,3434.57,3429.76,3437.07,3423.3,454916063,5.86338E+11,0.001058944,0.4019111942629142,13.85752004249806,12.666693818703347,1.8057537930120569,-0.055040533,2697,0.474972191,0,0,0
2025/3/19,3424.17,3426.43,3439.05,3414.59,440316299,5.5997E+11,-0.000971385,0.7131694345960078,13.559507601331136,12.452570844765194,1.593989331894322,-0.114507424,3210,0.44330218068535826,0.95,1,1
2025/3/20,3425.22,3408.95,3427.05,3404.66,451630682,5.65608E+11,-0.005114577,0.6534498005212519,13.975427304529642,12.641336326461111,0.9886157291261396,-0.110103201,3336,0.44394484412470026,0,0,0
2025/3/21,3401.76,3364.83,3414.71,3355.84,520862630,6.23164E+11,-0.013026884,1.7269247128881295,9.706317304705436,13.21949683829707,-0.297330456,-0.143037557,7153,0.4279323360827625,0,0,0
2025/3/24,3364.83,3370.03,3373.69,3340.24,513310260,5.86745E+11,0.001544205,0.9941066859247056,9.583855407805016,13.21948894779059,-0.138811742,-0.212452601,5414,0.388991504,0.8958727121353149,1,1
2025/3/25,3370,3369.98,3379.99,3361.05,456357393,5.16436E+11,-1.48E-05,0.5620128010729756,9.302219305294496,12.87876590935583,-0.175700696,-0.205863741,5248,0.3942454268292683,0.8911784291267395,1,1
2025/3/26,3365.67,3368.7,3382.34,3365.67,428533770,4.85186E+11,-0.000379896,0.4946616893868828,9.413000114,12.34706142727971,-0.196602649,-0.156093257,3392,0.4230542452830189,0,0,0
2025/3/27,3362.71,3373.75,3394.03,3351.17,414776314,4.96457E+11,0.001497972,1.2723008875827508,9.815472298911674,12.32851292938609,-0.025795493,-0.123901244,3590,0.4384401114206128,0,0,0
2025/3/28,3372.04,3351.31,3375.05,3346.08,412284289,4.68808E+11,-0.006673571,0.8586884031122713,5.387264055740756,10.212706507263109,-0.735484685,-0.208363701,5241,0.39439038351459643,0,0,0
2025/3/31,3343.34,3335.75,3361.74,3317.74,472571978,5.31476E+11,-0.004653773,1.3129194255380732,5.480508549505149,10.359576520044914,-1.223896843,-0.142845636,5696,0.42503511235955055,-0.969138861,1,0
2025/4/1,3340.71,3348.44,3357.62,3338.78,422588670,4.99416E+11,0.003797024,0.5647905268680115,6.863609726829554,10.41431859,-0.883685802,-0.100877192,3384,0.44739952718676124,0,0,0
2025/4/2,3344.17,3350.13,3361.13,3343.12,350127364,4.11666E+11,0.000504585,0.5378624075689042,6.9648595386983105,10.248932195751417,-0.845650193,-0.194487766,3570,0.4028011204481793,0.7516190409660339,1,1
2025/4/3,3319.61,3342.01,3358.43,3319.61,400517827,4.8651E+11,-0.002426729,1.1587610033043407,6.587698430193344,9.326468570398838,-1.028726607,-0.143610878,5433,0.4273881833241303,0.9805957317352295,3,1
2025/4/7,3193.1,3096.58,3217.78,3040.69,662199584,7.35367E+11,-0.076274146,5.298906945221592,53.892068432450856,28.466016222411877,-7.920696984,-0.145766509,16189,0.42572116869479276,0,0,0
2025/4/8,3094.26,3145.55,3145.55,3085.12,662242387,7.30166E+11,0.015690479,1.9515077924678288,58.30048432977157,29.331759471159273,-6.156727856,-0.13950455,7673,0.4263000130327121,0,0,0
2025/4/9,3110.01,3186.81,3186.81,3070.08,684797174,7.5543E+11,0.013031661,3.710956748422374,60.18912315281928,29.803276782096844,-4.651258465,0.087628297,5741,0.5512976833304303,0,0,0
2025/4/10,3227.84,3223.64,3239.94,3201.57,591208273,6.82357E+11,0.011490739,1.204025341956373,61.86691835667406,30.241360367494774,-3.334884126,0.032930592,5487,0.519409513,0,0,0
2025/4/11,3219.51,3238.23,3249.85,3211.35,475531804,5.80791E+11,0.004515728,1.1943020932858508,62.43327757848678,30.327650768843604,-2.721633151,0.019091161067871225,3359,0.5171181899374814,0,0,0
2025/4/14,3251.98,3262.81,3272.72,3244.73,471373220,5.43811E+11,0.007561903,0.8643610861489079,7.044378216389324,29.645782600708444,-1.751916822,-0.025574674,2277,0.4883618796662275,0,0,0
2025/4/15,3260.69,3267.66,3268.98,3246.34,396662895,4.56333E+11,0.001485345,0.6938804282198434,7.594194418,29.637897528139124,-1.370557648,-0.102009247,3232,0.45389851485148514,0.8319646716117859,1,1
2025/4/16,3267.67,3276,3276,3233.79,429534854,4.89201E+11,0.002549034,1.2917500596757323,6.444969000332359,29.665455253266305,-0.888838937,-0.156351529,5722,0.4203075847605732,0.8517278432846069,1,1
2025/4/17,3261.72,3280.34,3285.92,3258.15,382012698,4.42597E+11,0.00132391,0.8476800976800971,4.141731831147317,29.69019943336287,-0.537737923,0.009387434,4210,0.5092636579572447,0,0,0
2025/4/18,3270.35,3276.73,3283.09,3262.39,358836193,3.80313E+11,-0.001101102,0.6310321491065033,5.076938731927428,29.671734336738265,-0.447642751,-0.028368638,5626,0.48826875222182725,0,0,0
2025/4/21,3273.14,3291.43,3298.64,3270.01,379307588,4.29392E+11,0.004476147,0.8737369267531855,3.219302843746067,29.456974335387144,0.1105908703525957,0.066586143,1966,0.5381485249237029,0,0,0
2025/4/22,3289.17,3299.76,3311.15,3288.33,403167615,4.52675E+11,0.002527618,0.6933156713039671,3.2508826731696736,29.470759901821275,0.4713208874820641,-0.013425583,3428,0.49766627771295213,0,0,0
2025/4/23,3308.15,3296.36,3312.19,3293.06,411633212,4.86209E+11,-0.001030909,0.5797391325429762,3.787944056924942,29.46821675861878,0.4804152411777135,-0.045660364,2819,0.47924796026959915,0,0,0
2025/4/24,3295.15,3297.29,3313.51,3286.24,392844749,4.34706E+11,0.00028209,0.8272761470227898,3.845031875610758,29.471312124661697,0.6182734421941328,-0.125082298,4572,0.43700787401574803,0,0,0
2025/4/25,3300.39,3295.06,3305.26,3288.75,411043192,4.45418E+11,-0.000676542,0.5007142228921392,3.7060332293977583,29.456273141594423,0.671092753,-0.07947441,3013,0.46033853302356453,0,0,0
2025/4/28,3292.06,3288.41,3296.93,3279.88,410665863,4.41916E+11,-0.002020212,0.5174412605536691,2.7382532457757525,29.38740139626222,0.5645500029893471,-0.125181647,3399,0.43601059135039716,0.8171442747116089,1,1
2025/4/29,3281.45,3286.65,3294.98,3277.63,388961672,4.30881E+11,-0.000535356,0.5276106081662538,1.3277674807572195,29.35485250856551,0.5862442920715032,-0.0997462,2421,0.453118546,0,0,0
2025/4/30,3284.08,3279.03,3292.2,3277.55,435794335,5.05573E+11,-0.002321162,0.4457426254696921,1.727308772805353,29.309695016242816,0.4597392666230491,-0.027757684,2211,0.49163274536408863,0.8191840052604675,1,1
2025/5/6,3295.25,3316.11,3316.45,3286.99,474369617,5.51825E+11,0.011244762,0.8984364278460409,9.056105192252335,29.631299483924423,1.6487331266707883,0.1418182493894911,1564,0.5824808184143222,0,0,0
2025/5/7,3354.97,3342.67,3356.69,3324.81,511159606,5.9523E+11,0.00797748,0.9613673852797436,9.998475771670988,29.771868283502396,2.4618404613107923,-0.022720649,3763,0.4910975285676322,0,0,0
2025/5/8,3331.21,3352,3359.73,3327.9,428377766,5.01611E+11,0.002787294,0.9522327959385738,9.055451952776693,8.609219602623089,2.3471761553063595,0.046418277,1870,0.5278074866310161,0,0,0
2025/5/9,3350.41,3342,3351.22,3335.13,398909191,4.64862E+11,-0.002987752,0.4800119331742151,9.925889861,7.744113524,1.7367238065607955,-0.111163548,2965,0.44654300168634065,0,0,0
2025/5/12,3352.97,3369.24,3372.47,3344.27,418239910,5.22081E+11,0.008117769,0.8438061041292584,8.887160299409038,7.069339704723728,2.2819483854476683,0.063328109,1961,0.5410504844467109,0,0,0
2025/5/13,3386.23,3374.87,3386.23,3370.25,426240700,5.06609E+11,0.001669605,0.4742909380156955,7.416981175661515,6.280482780927336,2.2182208346931462,0.020529938,5661,0.5103338632750397,0,0,0
2025/5/14,3374.24,3403.95,3417.31,3368.08,464934441,5.34873E+11,0.008579717,1.458722854509952,7.6539028721818125,6.627398723420129,2.840900765381385,-0.052651129,4973,0.4751658958375226,0,0,0
2025/5/15,3398.43,3380.82,3402.87,3378.02,424100916,4.61292E+11,-0.006818238,0.7300342249445471,10.738897936159306,7.1170068947407366,1.960330162774257,-0.096840669,4487,0.4526409627813684,0,0,0
2025/5/16,3374.71,3367.46,3380.29,3356.66,395401030,4.35647E+11,-0.003959533,0.6989428600162123,11.025186324073108,7.403226093645153,1.4048082861736493,-0.095165031,2611,0.4549980850248947,0,0,0
2025/5/19,3365.88,3367.58,3373.6,3356.65,403074805,4.37178E+11,3.563453224116845e-05,0.5033467361156426,9.341648667760865,7.4099350857922035,1.2687842741959738,-0.00034509,1944,0.5025720164609053,0.9955127835273743,2,1
2025/5/20,3371.69,3380.48,3387.8,3369.96,405544534,4.5029E+11,0.003823326,0.5297572737692986,9.716093128886529,7.460431365011214,1.5038756663999189,0.048026177,1864,0.532725322,0,0,0
2025/5/21,3380.21,3387.57,3394.75,3380.21,412496165,4.65957E+11,0.002095139,0.4301164331692529,6.943233186810967,7.398440459288199,1.547781028238837,-0.057239981,2733,0.47457006952067327,0,0,0
2025/5/22,3381.87,3380.19,3390.59,3376.23,394217206,4.38335E+11,-0.002180929,0.4239026795018295,4.984450224693162,7.440010508544261,1.1919320435579854,-0.177331522,3920,0.41096938775510206,-0.95,1,0
2025/5/23,3376.87,3348.37,3389.47,3348.37,400227004,4.68588E+11,-0.009458261,1.2159079815039957,8.201138302623903,8.345592583816842,0.1664619733334755,-0.198703194,4302,0.39772198977219897,0,0,0
2025/5/26,3346.56,3346.84,3362.31,3336.36,347562101,4.00527E+11,-0.000457043,0.775003957,8.164132155621923,8.331996927859834,0.045152503,-0.06618794,2820,0.4684397163120567,0,0,0
2025/5/27,3346.5,3340.69,3351.57,3332.49,344071157,3.94409E+11,-0.001839245,0.5700899953388983,6.835157336606951,8.382007146,-0.203420493,-0.126222584,3411,0.4374083846379361,0,0,0
2025/5/28,3341.85,3339.93,3348.23,3336.73,341555443,3.89341E+11,-0.000227524,0.3442402617423347,6.031294704415026,8.374066551195096,-0.292947847,-0.137929327,3940,0.4302030456852792,0,0,0
2025/5/29,3340.4,3363.45,3368.63,3337.42,393233806,4.53741E+11,0.007017384,0.9344507220211214,9.304419544,8.59953724,0.2968544757036904,0.042239724,2431,0.5248868778280543,0,0,0
2025/5/30,3358.81,3347.49,3361.28,3341.65,385602170,4.43359E+11,-0.004756422,0.5836269306812978,6.896596146618053,8.835137379766087,-0.269533749,-0.128369368,3953,0.4351125727295725,0,0,0
2025/6/3,3340.07,3361.98,3367,3340.07,398060772,4.68293E+11,0.004319275,0.8044833591735849,7.525072253760645,8.826754410433045,0.038548694,0.050084954016014975,2142,0.5294117647058824,0,0,0
2025/6/4,3363.39,3376.2,3379.64,3363.39,386494643,4.46845E+11,0.004220731,0.4833461234153683,7.361996737381066,8.093454938900376,0.371942828,0.11583321172403266,1607,0.5656502800248911,0,0,0
2025/6/5,3378.22,3384.1,3387.76,3371.15,406252093,4.98241E+11,0.002337175,0.491973224,7.067194518971906,7.675953801173331,0.5448842839530498,0.089345727,1784,0.5538116591928252,-0.95,1,0
2025/6/6,3384.29,3385.36,3391.45,3379.76,380122886,4.52744E+11,0.00037226,0.3454389645695931,5.9536470901660605,7.633093330912469,0.5324983143665762,-0.003676522,2333,0.5019288469781398,0,0,0
2025/6/9,3388.78,3399.77,3402.05,3383.07,427347947,5.1188E+11,0.00424753,0.5606493844081579,2.758918858424568,7.627289587499246,0.8738940580366765,0.090051245,2082,0.5509125840537944,0.95,1,1
2025/6/10,3402.01,3384.82,3406.45,3365.67,481618568,5.57428E+11,-0.004407053,1.1994929068731044,5.707699111525757,7.336078640822569,0.4071079553949268,-0.134520717,4682,0.4318667236223836,0.7929216027259827,1,1
2025/6/11,3385.46,3402.32,3413.51,3385.46,424090313,5.01807E+11,0.005156823,0.8286999013241526,6.033287405820133,7.528701672166467,0.8851528190700734,-0.021760225,2939,0.4947260973120109,0,0,0
2025/6/12,3397.97,3402.66,3408.2,3388.87,409490610,5.01625E+11,9.992681838386674e-05,0.5681417385783797,6.056387666753621,6.881401271,0.8971641594542011,-0.060856272,2601,0.473279508,-0.95,1,0
2025/6/13,3397.48,3377,3401.55,3370.59,510065221,6.05385E+11,-0.007569737,0.9098763908236508,8.700066521737247,6.984285614220704,0.1419542597101743,-0.161214492,3814,0.41714735186156265,0,0,0
2025/6/16,3369.37,3388.73,3389.76,3368.88,405383278,4.81594E+11,0.003467479,0.6183002665087388,8.446126609513655,6.931169321903334,0.4581154257589046,0.041057851,1615,0.5294117647058824,0,0,0
2025/6/17,3388.18,3387.4,3393.31,3376.42,390012447,4.58038E+11,-0.000392554,0.4984168110176931,7.775476115379296,6.935122262049144,0.3891955809668504,-0.066286171,2070,0.4676328502415459,0.9059548735618591,2,1
2025/6/18,3386.14,3388.81,3391.71,3369.99,378684891,4.41011E+11,0.000416162,0.6411997402137407,6.472418382,6.809427914011919,0.41858734,-0.059430166,2429,0.4730341704405105,0,0,0
2025/6/19,3384.29,3362.11,3386.92,3353.94,415327655,4.73259E+11,-0.007910074,0.9732029827579598,8.073985448697071,7.331269469276856,-0.335002168,-0.194733104,4406,0.39854743531547887,0,0,0
2025/6/20,3358.91,3359.9,3370.8,3357.71,350223662,4.10873E+11,-0.000657541,0.3893388378131633,6.650173224409146,7.30144088,-0.370552514,-0.169861474,3337,0.41324543002697034,0,0,0
2025/6/23,3349.46,3381.58,3389.45,3347.65,384561397,4.42789E+11,0.006431844,1.2440846453763423,8.086862056511364,6.821086086589336,0.2229660020562823,0.016236098197919144,2135,0.5156908665105386,0,0,0
2025/6/24,3380.08,3420.57,3423.78,3380.08,460963800,5.44882E+11,0.011464148,1.2922953175734502,11.691737492079463,7.837596423356147,1.2679026693412505,0.17915249340144954,2450,0.6016326530612245,0.8444149494171143,1,1
2025/6/25,3419.09,3455.97,3459.01,3417.41,509384064,6.20173E+11,0.010295966,1.216171573743568,12.915570783587563,8.399720516773295,2.1416385215637943,0.1265035309317157,3533,0.5694876875176903,0.8499792218208313,1,1
2025/6/26,3451.72,3448.45,3462.75,3446.19,496541077,6.03095E+11,-0.002178316,0.4791708261356419,9.894329906,8.487068455584302,1.7562014716429142,0.074190217,3121,0.544056392,0.8564863860607147,2,1
2025/6/27,3450.69,3424.23,3462.63,3421.04,523129432,6.05732E+11,-0.007048226,1.206049094520731,12.830083531692807,8.760190912319391,0.9509953279397212,0.000348229,2680,0.5033582089552239,0,0,0
2025/6/30,3423.47,3444.43,3447.46,3420.11,457348049,5.67137E+11,0.005881805,0.7987197121688645,12.76458900623567,8.663218793014936,1.4016199565505254,0.16000287741197033,1453,0.5911906400550585,0.8517751693725586,1,1
2025/7/1,3445.85,3457.75,3459.59,3441.04,444356739,5.53557E+11,0.003859655,0.5385506455349705,10.840876487897196,8.644385290997942,1.6504547261177602,0.12051035184878855,2560,0.56796875,0.8611825466156006,2,1
2025/7/2,3458.17,3454.79,3461.33,3447.96,498116776,5.43131E+11,-0.000856415,0.3866676306846906,8.118737287275968,8.612802887849174,1.4462474719482623,0.003543897,2542,0.506294256,0.7826637625694275,1,1
2025/7/3,3456.15,3461.15,3463.62,3446.97,438543465,5.00212E+11,0.00183923,0.4819395679621653,7.960380935094348,8.605514335582095,1.518160140083703,-0.002225247,2016,0.5034722222222222,0,0,0
2025/7/4,3459.59,3472.32,3497.22,3455.49,500195210,5.67241E+11,0.003222055,1.205668636146946,3.975794957682629,8.631839090011841,1.7160660835717292,-0.077141997,5753,0.4618459933947506,0.9026871681213379,2,1
2025/7/7,3467.98,3473.13,3474.8,3462.79,436631340,4.76197E+11,0.000233246,0.3458782600682027,3.142850671,8.565423891050523,1.630593496938911,0.019979135363993015,1980,0.5141414141414141,0,0,0
2025/7/8,3474.63,3497.48,3499.89,3474.63,493484773,5.67507E+11,0.006986504,0.7272978552487169,4.844918675515953,8.55438422,2.1747049916755334,0.088440675,2571,0.5515363671723065,0.7679294347763062,1,1
2025/7/9,3498.72,3493.05,3512.67,3491.2,523920088,5.95963E+11,-0.001267429,0.6138705582305046,5.018486839009571,8.507620977193534,1.9102277980455944,-0.053598322,4329,0.4753984753984754,0.95,2,1
2025/7/10,3491.5,3509.68,3526.59,3491.5,564159805,6.13161E+11,0.004749585,1.0045662100456665,5.302945847874996,8.579271845555153,2.2358037668444055,0.003889889,3991,0.5053871210223002,0.4261707246303558,4,0.75
2025/7/11,3511.37,3510.18,3555.22,3506.8,664185249,7.53549E+11,0.000142453,1.3796129561669332,5.586093029812069,7.902193420136558,2.052413001508471,-0.035190059,5570,0.4822262118491921,0,0,0
2025/7/14,3513.25,3519.65,3532.12,3513.25,572084705,6.23102E+11,0.002694235,0.537579269,5.315526036886176,7.887043560105414,2.133363163883899,0.001487534,2363,0.5044435040203131,0.95,1,1
2025/7/15,3519.81,3505,3527.04,3483.38,572074726,6.46852E+11,-0.004171032,1.2404642507067425,5.494450230536644,8.142325066935856,1.5350035769000303,-0.096702205,4175,0.45149700598802395,0,0,0
2025/7/16,3502.9,3503.78,3511.81,3489.14,470878578,5.72419E+11,-0.000348135,0.6467903,5.352501400943908,8.162881928566879,1.3309194391745072,-0.011786841,2417,0.4977244517997518,0.8702656984329223,2,1
2025/7/17,3500.37,3516.83,3517.28,3499.19,472211056,6.09791E+11,0.00371763,0.5162995393546439,4.879333291570362,7.356976778571328,1.4812886813316142,0.063587253,1833,0.5428259683578832,0.95,1,1
2025/7/18,3519.48,3534.48,3536.01,3518.23,493484088,6.43628E+11,0.005006172,0.5055689356608138,5.840290709149035,7.334802770354868,1.7343436305938769,0.056214417125417596,2556,0.5344287949921753,0,0,0
2025/7/21,3542.82,3559.79,3560.63,3542.57,633649736,7.30906E+11,0.007135366,0.5109662524614639,7.169742542106084,7.388459766955051,2.200732644480803,0.2221342126791042,1967,0.6187086934417896,0,0,0
2025/7/22,3561.63,3581.86,3584.72,3547.25,716155230,8.40573E+11,0.006180664,1.0525901808814508,4.628980447804669,6.755625475,2.596814848762612,0.061266371,3197,0.534876447,0.8024131655693054,1,1
2025/7/23,3588.88,3582.3,3613.02,3577.59,767672388,8.57046E+11,0.000122834,0.9891508880860737,4.331074252130742,6.091887608317132,2.4241057904944836,-0.014527768,5754,0.4940910670837678,0,0,0
2025/7/24,3578.91,3605.73,3608.73,3577.11,773265835,8.5224E+11,0.006519195,0.8826731429528485,4.493372114245179,6.121716088500189,2.8627277409684857,0.0924679,2879,0.5550538381382425,0.8879367172718048,2,1
2025/7/25,3604.45,3593.66,3610.03,3586.22,697189549,8.2161E+11,-0.003353065,0.6603378511424982,7.434242757615291,5.486478303,2.2712396538044155,0.013448708252228488,2833,0.5150017649135192,0.8122646808624268,1,1
2025/7/28,3594.23,3597.94,3606.27,3582.15,594187877,7.61265E+11,0.001190278,0.6711820261237816,6.671482014207693,5.344157336614927,2.169868047317532,-0.013874301,2322,0.49569336778639106,0,0,0
2025/7/29,3595.81,3609.71,3611.35,3585.94,610642058,7.93606E+11,0.003265977,0.7062374581010205,5.8242203229592855,5.323526757347719,2.2834127037987284,0.000784064,2609,0.5074741280183979,0,0,0
2025/7/30,3608.35,3615.72,3636.17,3593.73,637221916,8.19628E+11,0.001663569,1.1757177169357111,5.687638458366024,5.208656285970468,2.2206440625448742,-0.060135873,4373,0.47221587011205124,0,0,0
2025/7/31,3604.7,3573.21,3606.37,3562.61,654509349,8.45893E+11,-0.011826654,1.2102707068025114,9.7064305,7.228168056293615,0.8590723373626591,-0.131212964,4694,0.433958245,0.8872785329818725,2,1
2025/8/1,3568.26,3559.95,3581.75,3550.04,509563080,6.84645E+11,-0.003717852,0.8874373462516907,9.746291145484316,7.437489590431517,0.3606691726175534,-0.065837005,3543,0.47022297488004516,0,0,0
2025/8/4,3547.16,3583.31,3583.31,3547.16,458573618,6.39776E+11,0.006540454,1.0154637003328724,11.40822454314547,7.657280035106147,0.8625776899063501,0.071488794,1998,0.5470470470470471,0,0,0
2025/8/5,3588.81,3617.6,3617.6,3586.97,499797780,6.56383E+11,0.009523868,0.8547962637896277,13.49304723309671,7.943332453482851,1.655912887716653,0.078229507,2402,0.5470441298917569,0.95,2,1
2025/8/6,3615.81,3633.99,3634.31,3613.99,512467273,7.07221E+11,0.004520396,0.5616983635559532,13.80550688302186,7.923339605783313,1.9146632018203296,0.16705292402775127,2196,0.5924408014571949,0,0,0
2025/8/7,3637.78,3639.67,3645.12,3622.52,535501202,7.497E+11,0.0015618,0.6219059491082779,8.026211323481212,7.855946135270665,1.888238623734616,0.060669602803899804,2685,0.536685289,0.95,1,1
2025/8/8,3634.85,3635.13,3645.37,3625.45,526407572,7.1357E+11,-0.001248144,0.5473023653243309,6.6674948161560925,7.910610604428911,1.5834859942061847,0.002285881,2378,0.5067283431455004,0,0,0
2025/8/11,3637.05,3647.55,3656.85,3629.63,551393348,7.51329E+11,0.003410836,0.7488040317677717,6.331083101698658,7.9260434077087565,1.7487291346483345,0.11538480867912519,1675,0.5671641791044776,0,0,0
2025/8/12,3647.96,3665.92,3669.04,3647.96,536623739,7.78161E+11,0.005023618,0.5779221669339674,4.054294019425813,7.6777824081296675,2.032156973748134,0.046145437,3254,0.5273509526736324,0,0,0
2025/8/13,3668.66,3683.46,3688.63,3666.55,613528884,8.87023E+11,0.004773201,0.602304469,4.130873706616802,7.663619445672939,2.2646301990579687,0.12109133239162041,3767,0.5683567825856118,0.95,2,1
2025/8/14,3685.52,3666.44,3704.77,3662.57,647829587,9.49464E+11,-0.004631364,1.145661959136242,6.731288848645694,8.050990164558653,1.5811342197851082,-0.042366895,6786,0.48010610079575594,0.9499999999999998,3,1
2025/8/15,3659.81,3696.77,3702.26,3658.38,678521703,9.60625E+11,0.008238301,1.196801256804969,7.6307944387951565,8.284980217,2.1917019432420597,0.094539483,3133,0.5553782317267795,0,0,0
2025/8/18,3712.5,3728.03,3745.94,3702.38,776016669,1.13394E+12,0.008420479,1.1783259439997604,8.436831885280165,8.397392089868779,2.8167508871941407,0.12806945833069722,3788,0.5728616684266103,0.947764782,3,1
2025/8/19,3728.49,3727.29,3746.67,3718.15,696099750,1.0609E+12,-0.000198516,0.7650153029884411,8.977188693662686,8.312160551617724,2.5906034098606376,0.079862196,3275,0.5474809160305344,0.9066300272941589,3,1
2025/8/20,3716.68,3766.21,3767.43,3704.99,679836426,1.0175E+12,0.010387763,1.6752117490187255,10.332237820635124,8.791158301437275,3.4001402111183645,0.035005337,3763,0.5237842147222961,0.95,2,1
2025/8/21,3770.68,3771.1,3787.98,3757.99,691552959,9.97742E+11,0.001297545,0.7962912317688137,7.528604425,8.669333492205679,3.299893470529621,-0.024524114,4399,0.4907933621277563,0.95,1,1
2025/8/22,3772.28,3825.76,3825.76,3772.28,698136277,1.09509E+12,0.014390404,1.4181538543130656,9.796987609962118,9.406975954981531,4.465083918631187,0.041348624987510636,5779,0.5243121647343831,0.8939894119898478,3,1
2025/8/25,3848.16,3883.56,3883.56,3839.97,885474802,1.3609E+12,0.014995118,1.1393814562335365,11.432311351767494,10.26659364346632,5.631441045184335,0.042240634,4840,0.5264462809917355,0,0,0
2025/8/26,3871.47,3868.38,3888.6,3859.76,734565305,1.11419E+12,-0.003916444,0.7426175982861007,13.29994348620366,10.628151030244773,4.849703309637399,0.002153876,4109,0.504989048,0,0,0
2025/8/27,3869.61,3800.35,3887.2,3800.35,858633499,1.32685E+12,-0.017742647,2.245125866641848,21.700437127448115,13.025324929498444,2.7487073780836564,-0.120123974,7464,0.43863879957127544,0,0,0
2025/8/28,3796.71,3843.6,3845.09,3761.42,788351947,1.26519E+12,0.01131626,2.201639322693964,22.695692910623823,12.21695236608423,3.539582353176497,-0.129629776,8667,0.43394484827506635,0,0,0
2025/8/29,3842.82,3857.93,3867.61,3839.21,739462366,1.22169E+12,0.003721343,0.7388906233739226,20.741552960573813,11.903490257833898,3.510166409429305,-0.061221783,4258,0.4739314232033819,0,0,0
2025/9/1,3869.75,3875.53,3879.05,3853.66,747709536,1.20835E+12,0.004551657,0.6581249530188554,17.60401555152876,11.868502755097824,3.5763427638166285,0.026101082377388486,2211,0.5178652193577566,0,0,0
2025/9/2,3877.09,3858.13,3885.31,3828.68,762618833,1.22278E+12,-0.004499818,1.4612194977203146,17.681837735723047,12.03303551854245,2.780959789,-0.121564374,5785,0.4399308556611927,0.7772738337516785,1,1
2025/9/3,3865.29,3813.56,3868.39,3794.88,645668510,1.0123E+12,-0.011619474,1.905327192188956,14.09787037,13.116513393250564,1.351190635175061,-0.03039082,6724,0.48572278405710884,0,0,0
2025/9/4,3807.76,3765.88,3808.4,3732.84,710227933,1.10789E+12,-0.01258157,1.981350758870975,12.912692943491349,14.15752507951647,-0.08354937,-0.141478962,8882,0.4294077910380545,0,0,0
2025/9/5,3761.88,3812.51,3817.16,3745.31,626223380,9.79062E+11,0.012306199,1.9079205922652849,16.980255805997082,14.59343647262985,0.9161708442101952,0.036046748974511766,3744,0.5248397435897436,0.7637523412704468,1,1
2025/9/8,3811.67,3826.84,3833.14,3803.6,660066898,1.02588E+12,0.003751632,0.7748176398225831,16.78320080181233,14.597123572638877,1.055689241423473,0.038272936001750454,1894,0.5242872228088701,0.754121721,1,1
2025/9/9,3816.66,3807.29,3834.67,3791.72,600239380,9.17795E+11,-0.005121747,1.122335922066255,16.834948126699985,14.79804535585878,0.3521149962927734,-0.120223476,3674,0.4409363091997823,0,0,0
2025/9/10,3806.58,3812.22,3827,3794.06,534539825,8.21114E+11,0.001294047,0.865182321,14.885162761313694,14.759681642249026,0.3118381399279822,-0.114065165,3153,0.4421186171899778,0.7874611616134644,1,1
2025/9/11,3806.06,3875.31,3875.31,3796.43,617012930,1.01679E+12,0.016413963,2.069135569,13.718952673098489,15.434018353909623,1.6924868384366836,0.050140527,3429,0.5331000291630212,0.8232337832450867,1,1
2025/9/12,3875.51,3870.6,3892.74,3866.54,700641784,1.09381E+12,-0.001216126,0.6760749462623589,12.973104989608196,15.354417355417768,1.3377653224083548,0.0483134,3700,0.53,0.8406104445457458,1,1
2025/9/15,3876.1,3860.5,3879.74,3855.97,644793944,9.86172E+11,-0.002612825,0.6141166744174026,13.52347709169096,15.270111359878324,0.8983626395095288,-0.07331996,2386,0.46479463537300925,0,0,0
2025/9/16,3865.98,3861.87,3876.69,3838.65,673439723,9.89786E+11,0.000354813,0.9853645900790045,12.270794956756571,15.262027735261771,0.756968073,-0.086581677,2765,0.4585895117540687,0,0,0
2025/9/17,3854.07,3876.34,3882.67,3848.95,663434713,1.00668E+12,0.003739887,0.8731521257836297,12.198453694074455,14.943469123446343,0.9894061609076542,0.022218476,2455,0.5177189409368635,0,0,0
2025/9/18,3876.06,3831.66,3899.96,3801,876027389,1.36596E+12,-0.01159328,2.552923634,9.090149088985772,15.644041403664632,-0.253319696,-0.110674876,6868,0.4448165404775772,0,0,0
2025/9/19,3830.44,3820.09,3843.17,3811.9,682292613,1.01635E+12,-0.003024147,0.8160953738066525,9.04918541,14.83751107256408,-0.547172918,-0.182698636,5619,0.407189891,0.7138239741325378,1,1
2025/9/22,3822.01,3828.58,3831.74,3806.2,568325686,9.418E+11,0.002219995,0.6685706357703605,9.682264314776518,13.771314594377843,-0.25475734,-0.135075455,3414,0.4320445225541886,0,0,0
2025/9/23,3830.14,3821.83,3838.61,3774.53,701902868,1.0717E+12,-0.001764612,1.6737275961322455,9.519885641932744,13.72603195040451,-0.370200345,-0.172170541,8617,0.40953928281304397,0,0,0
2025/9/24,3804.48,3853.64,3854.92,3804.33,602056670,1.01571E+12,0.008288791,1.3237114157353975,11.594827485053951,12.467947839236256,0.3893119420386566,-0.058468272,3291,0.4709814646004254,0,0,0
2025/9/25,3852.43,3853.3,3866.11,3840.46,589950531,1.00121E+12,-8.82E-05,0.6656044674645294,7.079572738057675,11.819899538007036,0.3677737996429249,-0.071774477,2897,0.4677252329996548,0,0,0
2025/9/26,3839.86,3828.11,3856.61,3828.11,551275335,9.27865E+11,-0.006558715,0.7396257753094749,8.654560571527304,11.967518830854672,-0.249616338,-0.187312953,3979,0.4038703191756723,0,0,0
2025/9/29,3828.17,3862.53,3881,3809.54,608466399,9.68212E+11,0.0089512,1.8667175185666045,10.630534070437218,12.305490477070109,0.6643272762764193,-0.035007806,3221,0.4830797888854393,0,0,0
2025/9/30,3869.7,3882.78,3887.57,3866.28,569734631,9.73275E+11,0.005228983,0.5511931298915468,10.322322471567327,12.335795641256937,1.1595843129408303,0.06257605,2908,0.5361072902338377,0,0,0
2025/10/9,3898.31,3933.97,3936.58,3885.74,725218501,1.21689E+12,0.013097702,1.309371120691879,12.21701603134598,12.283262773281736,2.332743931,0.087680377,2601,0.5528642829680892,-0.316666667,3,0.3333333333333333
2025/10/10,3915.48,3897.03,3933.01,3886.31,718917673,1.13213E+12,-0.00943437,1.1870959870055002,15.585557156433287,11.845903110268976,1.1992157575600269,-0.075272845,3679,0.463984778,0.967423415,2,1
2025/10/13,3800.11,3889.5,3895.83,3800.11,709506101,1.08541E+12,-0.00193411,2.4562294875841295,14.223911665474148,11.218572818822038,0.9028070800330944,-0.009504206,4538,0.499118554,0,0,0
2025/10/14,3910.78,3865.23,3918.44,3851.12,800839631,1.20998E+12,-0.006259426,1.7308137292711183,14.434522673117913,11.45321660411177,0.2232784726725631,-0.186546955,4965,0.4042296072507553,0,0,0
2025/10/15,3867.54,3912.21,3912.29,3857.67,645012955,9.61552E+11,0.012081243,1.4131112508181891,16.61203193855219,11.95053547496173,1.3036447415950532,-0.093342011,3425,0.45372262773722627,0,0,0
2025/10/16,3900.68,3916.23,3931.05,3899.17,595451491,8.69265E+11,0.001027025,0.8148846815482838,13.158959541242886,11.951104538332254,1.2713645527855766,-0.117920057,4548,0.4397537379067722,0,0,0
2025/10/17,3912.04,3839.76,3921.06,3835.36,617563018,8.73182E+11,-0.019719592,2.188329081795498,18.358199674155003,12.763727933463889,-0.660442378,-0.206020004,7859,0.39457946303600966,0,0,0
2025/10/20,3865.55,3863.89,3877.72,3850.37,549261712,7.72503E+11,0.006264583,0.712284101,19.532268269394105,12.97940607168531,-0.027490635,-0.11688407,2980,0.44161073825503355,0,0,0
2025/10/21,3870.75,3916.33,3919.32,3868.15,599415713,8.37938E+11,0.013480543,1.3243130627424713,21.332530168210408,13.795463020659112,1.256184483771413,0.045703181,2963,0.5258184272696591,0.95,1,1
2025/10/22,3896.07,3913.76,3918.59,3893.33,543117344,7.41525E+11,-0.000656442,0.6449916120449558,19.624234725075308,13.803660877186733,1.121904453576862,-0.071002335,3012,0.46580345285524566,0,0,0
2025/10/23,3904.16,3922.41,3926.22,3877.53,565189264,7.18931E+11,0.002207712,1.2440721965577757,19.677987393270605,13.769098610765512,1.285117498596566,-0.103703841,4232,0.4468336483931947,0.9809221625328064,1,1
2025/10/24,3929.12,3950.31,3950.31,3928.96,567858443,8.58491E+11,0.007087796,0.5443082186716817,8.525782966078905,13.159907472758714,1.8495326053424983,0.13403543218719471,2911,0.5740295431123326,0.9499999999999998,3,1
2025/10/27,3969.22,3996.94,3999.07,3963.1,637589545,1.0434E+12,0.011735012,0.9105614496077588,9.582413173730192,13.52112057425322,2.817372049358228,0.020002001,4809,0.5129964649615305,0,0,0
2025/10/28,3986.89,3988.22,4010.73,3976.83,577357684,9.40761E+11,-0.002184052,0.8481488338579035,9.113921780030148,13.613026997636812,2.3828367774392163,0.024486130882369422,5691,0.5159023018801616,0.9627023994922638,2,1
2025/10/29,3990.27,4016.33,4016.33,3986.94,612917466,9.68216E+11,0.007023534,0.7369202300775753,8.440031928,13.644431953777602,2.847694465015687,0.014402040673265289,3664,0.5081877729257642,0.9634029944737752,3,1
2025/10/30,4007.82,3986.9,4025.7,3984.83,668485609,1.07006E+12,-0.007354564,1.0175956656947982,12.371648013771775,13.88915025780626,1.9201710113561865,-0.084087875,4688,0.45733788395904434,0,0,0
2025/10/31,3985.06,3954.79,3986.74,3951.73,675615406,1.0311E+12,-0.008086484,0.8781258621986948,13.998276288765906,14.309525378283125,0.9683390643248424,-0.089254143,3596,0.45800889877641826,0,0,0
2025/11/3,3954.08,3976.52,3977.31,3937.02,641245945,9.41704E+11,0.005479562,1.0187645867416466,11.178842988216044,14.068671346366848,1.331147965411248,-0.009122835,2304,0.4982638888888889,0,0,0
2025/11/4,3973.46,3960.19,3985.88,3938.52,615493792,8.52938E+11,-0.004115061,1.1909911178618524,11.387157584612169,13.964451589124572,0.78960797,-0.156830361,4251,0.4199011997177135,0,0,0
2025/11/5,3922.58,3969.25,3979.75,3922.58,614991618,8.27134E+11,0.002285156,1.4436176042058606,9.519899040721029,13.89206639362111,0.9091548125792056,-0.078598575,4038,0.4626052501238237,0.9767012596130371,1,1
2025/11/6,3973.35,4007.76,4008.8,3973.35,627367547,9.30276E+11,0.009655322,0.8931158279271971,11.37414847204857,13.547259532342542,1.792705333617132,0.046204956139548344,2950,0.528135593,0.985268772,1,1
2025/11/7,3994.32,3997.56,4012.01,3993.69,596507034,8.75487E+11,-0.002548307,0.4571132,9.006568753264132,13.060346726900432,1.4041762673651283,-0.075494888,3270,0.46299694189602447,0,0,0
2025/11/10,4001.79,4018.6,4018.7,3990.84,634049993,9.60589E+11,0.005249408,0.6969251243258306,8.954318003300257,13.07526309756626,1.7712466724466795,0.039306903660755385,1822,0.5230515916575192,0,0,0
2025/11/11,4023.88,4002.76,4024.94,3991.52,581994921,8.58362E+11,-0.00394946,0.831632907,8.882325629234918,12.91506772362648,1.193871070823299,-0.061609318,3375,0.4705185185185185,0,0,0
2025/11/12,3996.56,4000.14,4020.38,3980.68,586193228,8.40467E+11,-0.000654763,0.9918156472034364,9.094410502,12.342108779109047,1.0153582163332324,-0.132895852,5979,0.4330155544405419,0,0,0
2025/11/13,3996.51,4029.5,4030.4,3994.77,613031061,8.76401E+11,0.007312938,0.8907188248411333,7.845562815152563,12.536572523544942,1.6114601689128074,0.04949271,2890,0.5290657439446367,0,0,0
2025/11/14,4007.13,3990.49,4034.08,3990.31,622017118,8.3797E+11,-0.009728268,1.0862389874674272,10.971651679980262,10.663111550369628,0.4368719140376032,-0.072061746,3970,0.46700251889168765,0.95,1,1
2025/11/17,3988.56,3972.03,3992.4,3958.95,592017950,8.05733E+11,-0.004636731,0.8382429225483656,9.991823918,10.776241180577276,-0.163615317,-0.069695823,2677,0.46843481509152035,0,0,0
2025/11/18,3962.44,3939.81,3966.89,3926.59,594411046,7.90949E+11,-0.0081448,1.014594552407704,10.828731160511907,10.278090494189009,-1.00267268,-0.174903044,4805,0.40978147762747136,0,0,0
2025/11/19,3937.92,3946.74,3960.05,3930.07,531149601,7.20909E+11,0.001757423,0.7609504011614778,11.30662179054586,10.284046634186891,-0.869614359,-0.184683153,5412,0.40317812269031783,0,0,0
2025/11/20,3960.7,3931.05,3967.97,3927.51,534749540,7.11341E+11,-0.003983356,1.0251498705260438,7.057491658292054,10.37566910776562,-1.274412831,-0.171168385,4998,0.40856342537014806,0,0,0
2025/11/21,3896.66,3834.89,3912.01,3834.75,631646251,8.24931E+11,-0.024765815,1.9653782068404169,15.94885527567769,13.28688613594628,-3.549614332,-0.189237681,11951,0.4005522550414191,0,0,0
2025/11/24,3848.66,3836.77,3854.33,3816.58,504601716,7.15539E+11,0.000490116,0.9843828636544986,17.001371154688698,12.371229401810483,-3.307573182,-0.121321057,4351,0.43851988048724433,0,0,0
2025/11/25,3850.57,3870.02,3882.03,3845.14,478727611,7.22789E+11,0.008628808,0.961485833,20.12857249381813,12.937537774813526,-2.324143353,-0.039453303,2714,0.48231392778187177,0.95,1,1
2025/11/26,3867.43,3864.18,3879.92,3861.18,457589755,7.0102E+11,-0.001510176,0.4842352235905818,19.712635971322143,12.539997212608922,-2.2839185,-0.099763833,2779,0.45232097876934146,0,0,0
2025/11/27,3867.2,3875.26,3895.59,3864.13,444021947,6.98519E+11,0.002863258,0.8141442686417308,20.354969722873896,12.478229054473564,-1.865208308,-0.127615661,3174,0.4360428481411468,0.7626991271972656,1,1
2025/11/28,3870.94,3888.6,3888.89,3856.25,449931973,6.45756E+11,0.003436438,0.8422660673090289,6.060215050093297,12.331243369760424,-1.444797073,-0.116947134,2810,0.44377224199288257,0,0,0
2025/12/1,3894.21,3914.01,3914.46,3890.95,537554133,7.85658E+11,0.006513228,0.6045877693771594,6.133451856,12.406774187369995,-0.722146882,0.00237869,1715,0.5084548104956268,0,0,0
2025/12/2,3908.46,3897.71,3908.77,3888.33,455584494,6.27441E+11,-0.004173223,0.5222265655938552,6.733106976121822,12.408857202318051,-1.057190432,-0.135973838,2794,0.4302075876879026,0.95,1,1
2025/12/3,3894.16,3878,3901.7,3869.95,485617270,6.47167E+11,-0.005069644,0.814580869,8.055335870441688,12.441299734749135,-1.443379247,-0.165360275,3808,0.41517857142857145,0.7981509566307068,1,1
2025/12/4,3879.74,3875.79,3888.86,3859.05,445040290,6.23713E+11,-0.000570044,0.7686952037132528,7.844221524659821,11.773564916007654,-1.334085842,-0.170135562,3975,0.410062893,0,0,0
2025/12/5,3873.12,3902.81,3907.78,3863.31,500368768,7.16742E+11,0.006947294,1.1473789859615784,9.100817007073076,12.156312828323838,-0.526270448,-0.033495853,2820,0.48652482269503544,0.7583476901054382,1,1
2025/12/8,3909.23,3924.08,3936.31,3904.74,547349789,8.39439E+11,0.005435122,0.8089043535298968,8.692181069,12.16955110180122,0.1364727161745165,0.062191821,2311,0.5365642578970142,0,0,0
2025/12/9,3916.51,3909.52,3923.9,3902.13,524538256,7.8116E+11,-0.003717325,0.5547797190679085,8.542033264062958,12.162847099563738,-0.116247282,-0.152520112,2895,0.4255613126079447,0,0,0
2025/12/10,3901.13,3900.5,3906.12,3876.47,497331504,7.3036E+11,-0.002309854,0.7584051239026809,7.554607594458259,12.16758302028583,-0.219693187,-0.132323204,3071,0.43373493975903615,0,0,0
2025/12/11,3903.89,3873.32,3904.96,3862.82,525658600,7.6435E+11,-0.00699273,1.0803743109857675,9.583272206159196,11.88693718828246,-0.716662407,-0.190570342,5511,0.400290328,0,0,0
2025/12/12,3869.41,3889.35,3891.81,3850.6,573947130,9.09951E+11,0.004130028,1.0639451426683062,8.409849716998083,11.704771940625292,-0.176375987,-0.09104785,3590,0.4543175487465181,0.9014440774917603,2,1
2025/12/15,3865.4,3867.92,3896.98,3863.63,500922790,7.64605E+11,-0.005525154,0.8574697571573633,6.831482048524218,11.742715000227934,-0.59358525,-0.152529375,2946,0.423285811,0,0,0
2025/12/16,3861.51,3824.81,3862.43,3815.84,512494827,7.33294E+11,-0.011208102,1.2045233613931956,9.100773323302992,12.02551052,-1.556045126,-0.158660562,6946,0.41721854304635764,-0.95,1,0
2025/12/17,3822.51,3870.28,3881.75,3818,512313692,7.66821E+11,0.011818063,1.6667494594502734,14.84227774689134,12.884452217237854,-0.28761207,-0.159688159,5161,0.4191048246463864,0.7731674909591675,1,1
2025/12/18,3857.26,3876.37,3888.29,3856.42,461172625,7.04896E+11,0.001572293,0.8234546337732641,14.092164863499896,12.863488421134273,-0.060316453,-0.099592801,3080,0.45162337662337665,0.95,1,1
2025/12/19,3878.23,3890.45,3902.67,3871.78,513511893,7.38066E+11,0.003625683,0.7968795548412528,14.006884843076715,9.262448037087491,0.2309037450204241,0.002642691,2356,0.5076400679117148,0,0,0
2025/12/22,3900.54,3917.36,3920.01,3900.52,522938992,7.89756E+11,0.006893125,0.5009703247696343,13.65940356,9.516809138433764,0.8195305798430506,0.070273218,1724,0.542923434,0,0,0
2025/12/23,3919.11,3919.98,3937.13,3910.74,521156952,8.06853E+11,0.000668594,0.6736679804766559,7.206451685443029,9.084499149429009,0.8221418898846761,-0.089322744,3154,0.45529486366518707,-0.95,1,0
2025/12/24,3920.35,3940.95,3947.04,3912.31,474896447,7.73929E+11,0.005335259,0.8859739080301434,4.090527691037195,9.193783945660329,1.2615197360332322,0.079240184,2136,0.5454119850187266,0,0,0
2025/12/25,3937.72,3959.62,3964.07,3936.08,469313093,7.85019E+11,0.00472625,0.7102348418528587,3.689495843459927,9.267786356,1.631091729,0.17813751976690967,2195,0.6004555808656037,0,0,0
2025/12/26,3957.83,3963.68,3977.71,3945.52,555489592,8.93644E+11,0.001024826,0.8129567988847428,4.366565145226844,9.225787394,1.6373681335228951,-0.085487986,5050,0.45801980198019804,0,0,0
2025/12/29,3964.65,3965.28,3983.98,3956.95,563687197,9.0382E+11,0.000403584,0.6819420336656895,3.798016157388715,8.989569061609167,1.6116025337299813,0.062663309,3152,0.5364847715736041,0.8398846089839935,2,1
2025/12/30,3947.87,3965.12,3979.99,3947.42,525932588,8.87533E+11,-4.04E-05,0.8213795747084621,4.031522355000158,8.813401662,1.5198196407126627,0.075393523,3379,0.5445398046759397,0.95,1,1
2025/12/31,3968.73,3968.84,3977.54,3955.49,490751490,8.29512E+11,0.000937741,0.5560991848922652,3.020883094798503,8.5310221,1.497032901427169,0.079345564,3887,0.5459223051196296,0.9624607026576996,2,1